{
  "Insufficient_Weight": {
    "precision": 1.0,
    "recall": 0.9622641509433962,
    "f1-score": 0.9807692307692307,
    "support": 53.0
  },
  "Normal_Weight": {
    "precision": 0.8571428571428571,
    "recall": 0.9473684210526315,
    "f1-score": 0.9,
    "support": 57.0
  },
  "Obesity_Type_I": {
    "precision": 0.9855072463768116,
    "recall": 0.9714285714285714,
    "f1-score": 0.9784172661870504,
    "support": 70.0
  },
  "Obesity_Type_II": {
    "precision": 0.9836065573770492,
    "recall": 1.0,
    "f1-score": 0.9917355371900827,
    "support": 60.0
  },
  "Obesity_Type_III": {
    "precision": 1.0,
    "recall": 0.9846153846153847,
    "f1-score": 0.9922480620155039,
    "support": 65.0
  },
  "Overweight_Level_I": {
    "precision": 0.8909090909090909,
    "recall": 0.8909090909090909,
    "f1-score": 0.8909090909090909,
    "support": 55.0
  },
  "Overweight_Level_II": {
    "precision": 0.9454545454545454,
    "recall": 0.896551724137931,
    "f1-score": 0.920353982300885,
    "support": 58.0
  },
  "accuracy": 0.9521531100478469,
  "macro avg": {
    "precision": 0.951802899608622,
    "recall": 0.9504481918695722,
    "f1-score": 0.9506333099102634,
    "support": 418.0
  },
  "weighted avg": {
    "precision": 0.9538167635945125,
    "recall": 0.9521531100478469,
    "f1-score": 0.9525137921046096,
    "support": 418.0
  }
}